Data Source,World Development Indicators,,,,,,,,,,,,,,,,,,,,,,,,,,,,,,,,,,,,,,,,,,,,,,,,,,,,,,,,,,,,,,,,
,,,,,,,,,,,,,,,,,,,,,,,,,,,,,,,,,,,,,,,,,,,,,,,,,,,,,,,,,,,,,,,,,
Last Updated Date,5/25/2022,,,,,,,,,,,,,,,,,,,,,,,,,,,,,,,,,,,,,,,,,,,,,,,,,,,,,,,,,,,,,,,,
,,,,,,,,,,,,,,,,,,,,,,,,,,,,,,,,,,,,,,,,,,,,,,,,,,,,,,,,,,,,,,,,,
Country Name,Country Code,Indicator Name,Indicator Code,1960,1961,1962,1963,1964,1965,1966,1967,1968,1969,1970,1971,1972,1973,1974,1975,1976,1977,1978,1979,1980,1981,1982,1983,1984,1985,1986,1987,1988,1989,1990,1991,1992,1993,1994,1995,1996,1997,1998,1999,2000,2001,2002,2003,2004,2005,2006,2007,2008,2009,2010,2011,2012,2013,2014,2015,2016,2017,2018,2019,2020,2021
Aruba,ABW,Coverage of social protection and labor programs (% of population),per_allsp.cov_pop_tot,,,,,,,,,,,,,,,,,,,,,,,,,,,,,,,,,,,,,,,,,,,,,,,,,,,,,,,,,,,,,,
Africa Eastern and Southern,AFE,Coverage of social protection and labor programs (% of population),per_allsp.cov_pop_tot,,,,,,,,,,,,,,,,,,,,,,,,,,,,,,,,,,,,,,,,,,,,,,,,,,,,,,,,,,,,,,
Afghanistan,AFG,Coverage of social protection and labor programs (% of population),per_allsp.cov_pop_tot,,,,,,,,,,,,,,,,,,,,,,,,,,,,,,,,,,,,,,,,,,,,,,,,15.73311256,,,,8.820582327,,,,,,,,,,
Africa Western and Central,AFW,Coverage of social protection and labor programs (% of population),per_allsp.cov_pop_tot,,,,,,,,,,,,,,,,,,,,,,,,,,,,,,,,,,,,,,,,,,,,,,,,,,,,,,,,,,,,,,
Angola,AGO,Coverage of social protection and labor programs (% of population),per_allsp.cov_pop_tot,,,,,,,,,,,,,,,,,,,,,,,,,,,,,,,,,,,,,,,,,,,,,,,,,,,,,,,,,,,21.5758783,,,
Albania,ALB,Coverage of social protection and labor programs (% of population),per_allsp.cov_pop_tot,,,,,,,,,,,,,,,,,,,,,,,,,,,,,,,,,,,,,,,,,,,,,,,,,67.72739478,,,,54.88551,,,,,,,,,
Andorra,AND,Coverage of social protection and labor programs (% of population),per_allsp.cov_pop_tot,,,,,,,,,,,,,,,,,,,,,,,,,,,,,,,,,,,,,,,,,,,,,,,,,,,,,,,,,,,,,,
Arab World,ARB,Coverage of social protection and labor programs (% of population),per_allsp.cov_pop_tot,,,,,,,,,,,,,,,,,,,,,,,,,,,,,,,,,,,,,,,,,,,,,,,,,,,,,,,,,,,,,,
United Arab Emirates,ARE,Coverage of social protection and labor programs (% of population),per_allsp.cov_pop_tot,,,,,,,,,,,,,,,,,,,,,,,,,,,,,,,,,,,,,,,,,,,,,,,,,,,,,,,,,,,,,,
Argentina,ARG,Coverage of social protection and labor programs (% of population),per_allsp.cov_pop_tot,,,,,,,,,,,,,,,,,,,,,,,,,,,,,,,,,,,,,,,,,,,,,,,33.33583482,,,,37.80100708,42.13772659,41.05498993,46.36080045,44.69378723,,46.77457781,50.68987733,50.37440371,51.32391433,,
Armenia,ARM,Coverage of social protection and labor programs (% of population),per_allsp.cov_pop_tot,,,,,,,,,,,,,,,,,,,,,,,,,,,,,,,,,,,,,,,,,,,,,,,,,60.86072898,60.78789674,65.46784711,63.57598292,65.03765529,65.0440473,66.76264983,66.57048832,67.53894227,71.05506707,67.0184814,,,
American Samoa,ASM,Coverage of social protection and labor programs (% of population),per_allsp.cov_pop_tot,,,,,,,,,,,,,,,,,,,,,,,,,,,,,,,,,,,,,,,,,,,,,,,,,,,,,,,,,,,,,,
Antigua and Barbuda,ATG,Coverage of social protection and labor programs (% of population),per_allsp.cov_pop_tot,,,,,,,,,,,,,,,,,,,,,,,,,,,,,,,,,,,,,,,,,,,,,,,,,,,,,,,,,,,,,,
Australia,AUS,Coverage of social protection and labor programs (% of population),per_allsp.cov_pop_tot,,,,,,,,,,,,,,,,,,,,,,,,,,,,,,,,,,,,,,,,,,,,,,,,,,,,,,,,,,,,,,
Austria,AUT,Coverage of social protection and labor programs (% of population),per_allsp.cov_pop_tot,,,,,,,,,,,,,,,,,,,,,,,,,,,,,,,,,,,,,,,,,,,,,,,,,,,,,,,,,,,,,,
Azerbaijan,AZE,Coverage of social protection and labor programs (% of population),per_allsp.cov_pop_tot,,,,,,,,,,,,,,,,,,,,,,,,,,,,,,,,,,,,,,,,,,,,,,,,,,,,,,,,64.6436151,,,,,,
Burundi,BDI,Coverage of social protection and labor programs (% of population),per_allsp.cov_pop_tot,,,,,,,,,,,,,,,,,,,,,,,,,,,,,,,,,,,,,,,,,,,,,,,,,,,,,,,,,,,,,,
Belgium,BEL,Coverage of social protection and labor programs (% of population),per_allsp.cov_pop_tot,,,,,,,,,,,,,,,,,,,,,,,,,,,,,,,,,,,,,,,,,,,,,,,,,,,,,,,,,,,,,,
Benin,BEN,Coverage of social protection and labor programs (% of population),per_allsp.cov_pop_tot,,,,,,,,,,,,,,,,,,,,,,,,,,,,,,,,,,,,,,,,,,,,6.626980907,,,,,,,,,,,,,,,,,,
Burkina Faso,BFA,Coverage of social protection and labor programs (% of population),per_allsp.cov_pop_tot,,,,,,,,,,,,,,,,,,,,,,,,,,,,,,,,,,,,,,,,,,,,34.26921221,,,,,,,,,,,4.280444122,,,,56.98152361,,,
Bangladesh,BGD,Coverage of social protection and labor programs (% of population),per_allsp.cov_pop_tot,,,,,,,,,,,,,,,,,,,,,,,,,,,,,,,,,,,,,,,,,,,,,,13.98317278,,,,,19.62982361,,,,,,40.99120288,,,,,
Bulgaria,BGR,Coverage of social protection and labor programs (% of population),per_allsp.cov_pop_tot,,,,,,,,,,,,,,,,,,,,,,,,,,,,,,,,,,,,,,,,,,,,,,,,73.60792657,,,,,,,,,,,,,,
Bahrain,BHR,Coverage of social protection and labor programs (% of population),per_allsp.cov_pop_tot,,,,,,,,,,,,,,,,,,,,,,,,,,,,,,,,,,,,,,,,,,,,,,,,,,,,,,,,,,,,,,
"Bahamas, The",BHS,Coverage of social protection and labor programs (% of population),per_allsp.cov_pop_tot,,,,,,,,,,,,,,,,,,,,,,,,,,,,,,,,,,,,,,,,,,,,,,,,,,,,,,,,,,,,,,
Bosnia and Herzegovina,BIH,Coverage of social protection and labor programs (% of population),per_allsp.cov_pop_tot,,,,,,,,,,,,,,,,,,,,,,,,,,,,,,,,,,,,,,,,,,,,,,,,57.62291965,,,,,,,,50.34959309,,,,,,
Belarus,BLR,Coverage of social protection and labor programs (% of population),per_allsp.cov_pop_tot,,,,,,,,,,,,,,,,,,,,,,,,,,,,,,,,,,,,,,,,,,,,,,,,,74.96094388,73.86217307,74.35017499,,77.24999416,75.05251523,75.39987836,75.3699699,76.35101137,76.39178301,73.32902015,71.87002031,,
Belize,BLZ,Coverage of social protection and labor programs (% of population),per_allsp.cov_pop_tot,,,,,,,,,,,,,,,,,,,,,,,,,,,,,,,,,,,,,,,,,,,,,,,,,,39.3870192,,,,,,,,,,,,
Bermuda,BMU,Coverage of social protection and labor programs (% of population),per_allsp.cov_pop_tot,,,,,,,,,,,,,,,,,,,,,,,,,,,,,,,,,,,,,,,,,,,,,,,,,,,,,,,,,,,,,,
Bolivia,BOL,Coverage of social protection and labor programs (% of population),per_allsp.cov_pop_tot,,,,,,,,,,,,,,,,,,,,,,,,,,,,,,,,,,,,,,,,,,,,,,,16.13644034,58.35292353,73.44051231,79.08308608,,76.47872747,76.75464046,,78.19620111,76.69850865,84.33850364,83.02119193,83.61143031,77.98963843,,
Brazil,BRA,Coverage of social protection and labor programs (% of population),per_allsp.cov_pop_tot,,,,,,,,,,,,,,,,,,,,,,,,,,,,,,,,,,,,,,,,,,,,,,,53.93266905,,,45.46017543,,45.34388025,46.37658171,,,53.80871123,50.74890566,50.14240901,50.70940403,50.31266645,,
Barbados,BRB,Coverage of social protection and labor programs (% of population),per_allsp.cov_pop_tot,,,,,,,,,,,,,,,,,,,,,,,,,,,,,,,,,,,,,,,,,,,,,,,,,,,,,,,,,,,,,,
Brunei Darussalam,BRN,Coverage of social protection and labor programs (% of population),per_allsp.cov_pop_tot,,,,,,,,,,,,,,,,,,,,,,,,,,,,,,,,,,,,,,,,,,,,,,,,,,,,,,,,,,,,,,
Bhutan,BTN,Coverage of social protection and labor programs (% of population),per_allsp.cov_pop_tot,,,,,,,,,,,,,,,,,,,,,,,,,,,,,,,,,,,,,,,,,,,,,,,,2.397195475,,,,,2.916979848,,,,,0.892941464,,,,
Botswana,BWA,Coverage of social protection and labor programs (% of population),per_allsp.cov_pop_tot,,,,,,,,,,,,,,,,,,,,,,,,,,,,,,,,,,,,,,,,,,,,,,,,,,73.77427204,,,,,,55.44380583,,,,,,
Central African Republic,CAF,Coverage of social protection and labor programs (% of population),per_allsp.cov_pop_tot,,,,,,,,,,,,,,,,,,,,,,,,,,,,,,,,,,,,,,,,,,,,,,,,,,,,,,,,,,,,,,
Canada,CAN,Coverage of social protection and labor programs (% of population),per_allsp.cov_pop_tot,,,,,,,,,,,,,,,,,,,,,,,,,,,,,,,,,,,,,,,,,,,,,,,,,,,,,,,,,,,,,,
Central Europe and the Baltics,CEB,Coverage of social protection and labor programs (% of population),per_allsp.cov_pop_tot,,,,,,,,,,,,,,,,,,,,,,,,,,,,,,,,,,,,,,,,,,,,,,,,,,,,,,,,,,,,,,
Switzerland,CHE,Coverage of social protection and labor programs (% of population),per_allsp.cov_pop_tot,,,,,,,,,,,,,,,,,,,,,,,,,,,,,,,,,,,,,,,,,,,,,,,,,,,,,,,,,,,,,,
Channel Islands,CHI,Coverage of social protection and labor programs (% of population),per_allsp.cov_pop_tot,,,,,,,,,,,,,,,,,,,,,,,,,,,,,,,,,,,,,,,,,,,,,,,,,,,,,,,,,,,,,,
Chile,CHL,Coverage of social protection and labor programs (% of population),per_allsp.cov_pop_tot,,,,,,,,,,,,,,,,,,,,,,,,,,,,,,,,,,,,,,,,,,,,,,,89.68931196,,,90.44321191,,83.43314396,,88.54116212,,87.72247427,,92.2880725,,,,
China,CHN,Coverage of social protection and labor programs (% of population),per_allsp.cov_pop_tot,,,,,,,,,,,,,,,,,,,,,,,,,,,,,,,,,,,,,,,,,,,,,,,,,,,,,,63.05300071,,,,,,,,
Cote d'Ivoire,CIV,Coverage of social protection and labor programs (% of population),per_allsp.cov_pop_tot,,,,,,,,,,,,,,,,,,,,,,,,,,,,,,,,,,,,,,,,,,,25.30079088,,,,,,32.39915558,,,,,,,32.8626698,,,,,,
Cameroon,CMR,Coverage of social protection and labor programs (% of population),per_allsp.cov_pop_tot,,,,,,,,,,,,,,,,,,,,,,,,,,,,,,,,,,,,,,,,,,,,,,,,4.041910091,,,,,,,5.013449196,,,,,,,
"Congo, Dem. Rep.",COD,Coverage of social protection and labor programs (% of population),per_allsp.cov_pop_tot,,,,,,,,,,,,,,,,,,,,,,,,,,,,,,,,,,,,,,,,,,,,,1.512356055,,,,,,,,11.057385,,,,,,,,,
"Congo, Rep.",COG,Coverage of social protection and labor programs (% of population),per_allsp.cov_pop_tot,,,,,,,,,,,,,,,,,,,,,,,,,,,,,,,,,,,,,,,,,,,,,,8.91479681,,,,,,,,,,,,,,,,
Colombia,COL,Coverage of social protection and labor programs (% of population),per_allsp.cov_pop_tot,,,,,,,,,,,,,,,,,,,,,,,,,,,,,,,,,,,,,,,,,,,,,,,,,,,52.30338994,51.59690511,48.86409617,,65.6766814,36.25845194,34.44578212,33.42258312,32.293254,31.41672544,,
Comoros,COM,Coverage of social protection and labor programs (% of population),per_allsp.cov_pop_tot,,,,,,,,,,,,,,,,,,,,,,,,,,,,,,,,,,,,,,,,,,,,,1.982875719,,,,,,,,,,,,,,,,,
Cabo Verde,CPV,Coverage of social protection and labor programs (% of population),per_allsp.cov_pop_tot,,,,,,,,,,,,,,,,,,,,,,,,,,,,,,,,,,,,,,,,,,,,,,,,29.67964624,,,,,,,,,,,,,,
Costa Rica,CRI,Coverage of social protection and labor programs (% of population),per_allsp.cov_pop_tot,,,,,,,,,,,,,,,,,,,,,,,,,,,,,,,,,,,,,,,,,,,,,,,,,70.16919456,72.67793933,67.15197565,67.94581807,67.3313539,,66.63172789,72.01257862,73.20826287,74.78003141,73.96390811,73.56693649,,
Caribbean small states,CSS,Coverage of social protection and labor programs (% of population),per_allsp.cov_pop_tot,,,,,,,,,,,,,,,,,,,,,,,,,,,,,,,,,,,,,,,,,,,,,,,,,,,,,,,,,,,,,,
Cuba,CUB,Coverage of social protection and labor programs (% of population),per_allsp.cov_pop_tot,,,,,,,,,,,,,,,,,,,,,,,,,,,,,,,,,,,,,,,,,,,,,,,,,,,,,,,,,,,,,,
Curacao,CUW,Coverage of social protection and labor programs (% of population),per_allsp.cov_pop_tot,,,,,,,,,,,,,,,,,,,,,,,,,,,,,,,,,,,,,,,,,,,,,,,,,,,,,,,,,,,,,,
Cayman Islands,CYM,Coverage of social protection and labor programs (% of population),per_allsp.cov_pop_tot,,,,,,,,,,,,,,,,,,,,,,,,,,,,,,,,,,,,,,,,,,,,,,,,,,,,,,,,,,,,,,
Cyprus,CYP,Coverage of social protection and labor programs (% of population),per_allsp.cov_pop_tot,,,,,,,,,,,,,,,,,,,,,,,,,,,,,,,,,,,,,,,,,,,,,,,,,,,,,,,,,,,,,,
Czech Republic,CZE,Coverage of social protection and labor programs (% of population),per_allsp.cov_pop_tot,,,,,,,,,,,,,,,,,,,,,,,,,,,,,,,,,,,,,,,,,,,,,,,,,,,,,,,,,,,,,,
Germany,DEU,Coverage of social protection and labor programs (% of population),per_allsp.cov_pop_tot,,,,,,,,,,,,,,,,,,,,,,,,,,,,,,,,,,,,,,,,,,,,,,,,,,,,,,,,,,,,,,
Djibouti,DJI,Coverage of social protection and labor programs (% of population),per_allsp.cov_pop_tot,,,,,,,,,,,,,,,,,,,,,,,,,,,,,,,,,,,,,,,,,,,2.945692678,,,,,,,,,,20.94194148,,,,,,,,,
Dominica,DMA,Coverage of social protection and labor programs (% of population),per_allsp.cov_pop_tot,,,,,,,,,,,,,,,,,,,,,,,,,,,,,,,,,,,,,,,,,,,20.83974532,,,,,,,,,,,,,,,,,,,
Denmark,DNK,Coverage of social protection and labor programs (% of population),per_allsp.cov_pop_tot,,,,,,,,,,,,,,,,,,,,,,,,,,,,,,,,,,,,,,,,,,,,,,,,,,,,,,,,,,,,,,
Dominican Republic,DOM,Coverage of social protection and labor programs (% of population),per_allsp.cov_pop_tot,,,,,,,,,,,,,,,,,,,,,,,,,,,,,,,,,,,,,,,,,,,,,,,,15.23819191,23.14573473,29.70392964,32.72714638,31.27599734,35.54824512,33.04242953,34.53420087,31.04564043,59.13892316,52.21623092,53.17432169,49.55643214,,
Algeria,DZA,Coverage of social protection and labor programs (% of population),per_allsp.cov_pop_tot,,,,,,,,,,,,,,,,,,,,,,,,,,,,,,,,,,,,,,,,,,,,,,,,,,,,,,,,,,,,,,
East Asia & Pacific (excluding high income),EAP,Coverage of social protection and labor programs (% of population),per_allsp.cov_pop_tot,,,,,,,,,,,,,,,,,,,,,,,,,,,,,,,,,,,,,,,,,,,,,,,,,,,,,,,,,,,,,,
Early-demographic dividend,EAR,Coverage of social protection and labor programs (% of population),per_allsp.cov_pop_tot,,,,,,,,,,,,,,,,,,,,,,,,,,,,,,,,,,,,,,,,,,,,,,,,,,,,,,,,,,,,,,
East Asia & Pacific,EAS,Coverage of social protection and labor programs (% of population),per_allsp.cov_pop_tot,,,,,,,,,,,,,,,,,,,,,,,,,,,,,,,,,,,,,,,,,,,,,,,,,,,,,,,,,,,,,,
Europe & Central Asia (excluding high income),ECA,Coverage of social protection and labor programs (% of population),per_allsp.cov_pop_tot,,,,,,,,,,,,,,,,,,,,,,,,,,,,,,,,,,,,,,,,,,,,,,,,,,,,,,,,,,,,,,
Europe & Central Asia,ECS,Coverage of social protection and labor programs (% of population),per_allsp.cov_pop_tot,,,,,,,,,,,,,,,,,,,,,,,,,,,,,,,,,,,,,,,,,,,,,,,,,,,,,,,,,,,,,,
Ecuador,ECU,Coverage of social protection and labor programs (% of population),per_allsp.cov_pop_tot,,,,,,,,,,,,,,,,,,,,,,,,,,,,,,,,,,,,,,,,,,,,,,,,,63.09270415,,70.41633911,44.92821223,73.97964036,,76.3344632,74.9680965,72.57548089,74.40946246,31.99717659,33.56042054,,
"Egypt, Arab Rep.",EGY,Coverage of social protection and labor programs (% of population),per_allsp.cov_pop_tot,,,,,,,,,,,,,,,,,,,,,,,,,,,,,,,,,,,,,,,,,,,,,,,,,55.45320545,,,,,,,,,,,,,
Euro area,EMU,Coverage of social protection and labor programs (% of population),per_allsp.cov_pop_tot,,,,,,,,,,,,,,,,,,,,,,,,,,,,,,,,,,,,,,,,,,,,,,,,,,,,,,,,,,,,,,
Eritrea,ERI,Coverage of social protection and labor programs (% of population),per_allsp.cov_pop_tot,,,,,,,,,,,,,,,,,,,,,,,,,,,,,,,,,,,,,,,,,,,,,,,,,,,,,,,,,,,,,,
Spain,ESP,Coverage of social protection and labor programs (% of population),per_allsp.cov_pop_tot,,,,,,,,,,,,,,,,,,,,,,,,,,,,,,,,,,,,,,,,,,,,,,,,,,,,,,,,,,,,,,
Estonia,EST,Coverage of social protection and labor programs (% of population),per_allsp.cov_pop_tot,,,,,,,,,,,,,,,,,,,,,,,,,,,,,,,,,,,,,,,,,,,,,,,,,,,,,,,,,,,,,,
Ethiopia,ETH,Coverage of social protection and labor programs (% of population),per_allsp.cov_pop_tot,,,,,,,,,,,,,,,,,,,,,,,,,,,,,,,,,,,,,,,,,,,,,0.51447359,,,,,,13.24794851,,,,,23.15086113,,,21.66355774,,,
European Union,EUU,Coverage of social protection and labor programs (% of population),per_allsp.cov_pop_tot,,,,,,,,,,,,,,,,,,,,,,,,,,,,,,,,,,,,,,,,,,,,,,,,,,,,,,,,,,,,,,
Fragile and conflict affected situations,FCS,Coverage of social protection and labor programs (% of population),per_allsp.cov_pop_tot,,,,,,,,,,,,,,,,,,,,,,,,,,,,,,,,,,,,,,,,,,,,,,,,,,,,,,,,,,,,,,
Finland,FIN,Coverage of social protection and labor programs (% of population),per_allsp.cov_pop_tot,,,,,,,,,,,,,,,,,,,,,,,,,,,,,,,,,,,,,,,,,,,,,,,,,,,,,,,,,,,,,,
Fiji,FJI,Coverage of social protection and labor programs (% of population),per_allsp.cov_pop_tot,,,,,,,,,,,,,,,,,,,,,,,,,,,,,,,,,,,,,,,,,,,,,,,,,14.33352232,,,,,37.11095053,,,,,,,,
France,FRA,Coverage of social protection and labor programs (% of population),per_allsp.cov_pop_tot,,,,,,,,,,,,,,,,,,,,,,,,,,,,,,,,,,,,,,,,,,,,,,,,,,,,,,,,,,,,,,
Faroe Islands,FRO,Coverage of social protection and labor programs (% of population),per_allsp.cov_pop_tot,,,,,,,,,,,,,,,,,,,,,,,,,,,,,,,,,,,,,,,,,,,,,,,,,,,,,,,,,,,,,,
"Micronesia, Fed. Sts.",FSM,Coverage of social protection and labor programs (% of population),per_allsp.cov_pop_tot,,,,,,,,,,,,,,,,,,,,,,,,,,,,,,,,,,,,,,,,,22.2953904,,,,,,,,,,,,,,,,,,,,,
Gabon,GAB,Coverage of social protection and labor programs (% of population),per_allsp.cov_pop_tot,,,,,,,,,,,,,,,,,,,,,,,,,,,,,,,,,,,,,,,,,,,,,,51.83428286,,,,,,,,,,,,48.37542675,,,,
United Kingdom,GBR,Coverage of social protection and labor programs (% of population),per_allsp.cov_pop_tot,,,,,,,,,,,,,,,,,,,,,,,,,,,,,,,,,,,,,,,,,,,,,,,,,,,,,,,,,,,,,,
Georgia,GEO,Coverage of social protection and labor programs (% of population),per_allsp.cov_pop_tot,,,,,,,,,,,,,,,,,,,,,,,,,,,,,,,,,,,,,,,,,,,,,,,,,,,,64.65342264,,,,,64.26904415,,63.55440201,,,
Ghana,GHA,Coverage of social protection and labor programs (% of population),per_allsp.cov_pop_tot,,,,,,,,,,,,,,,,,,,,,,,,,,,,,,,,,,,,,,,,,,,,,,5.677804795,,,,,,,63.67291212,,,,56.56182671,,,,,
Gibraltar,GIB,Coverage of social protection and labor programs (% of population),per_allsp.cov_pop_tot,,,,,,,,,,,,,,,,,,,,,,,,,,,,,,,,,,,,,,,,,,,,,,,,,,,,,,,,,,,,,,
Guinea,GIN,Coverage of social protection and labor programs (% of population),per_allsp.cov_pop_tot,,,,,,,,,,,,,,,,,,,,,,,,,,,,,,,,,,,,,,,,,,,,,,,,,,,,,3.89322263,,,,,,,,,
"Gambia, The",GMB,Coverage of social protection and labor programs (% of population),per_allsp.cov_pop_tot,,,,,,,,,,,,,,,,,,,,,,,,,,,,,,,,,,,,,,,5.065206584,,,,,,,,,,,,8.30704046,,,,,2.954577855,,,,,,
Guinea-Bissau,GNB,Coverage of social protection and labor programs (% of population),per_allsp.cov_pop_tot,,,,,,,,,,,,,,,,,,,,,,,,,,,,,,,,,,,,,,,,,,,,,,,,,,,,,,,,,,,,,,
Equatorial Guinea,GNQ,Coverage of social protection and labor programs (% of population),per_allsp.cov_pop_tot,,,,,,,,,,,,,,,,,,,,,,,,,,,,,,,,,,,,,,,,,,,,,,,,,,,,,,,,,,,,,,
Greece,GRC,Coverage of social protection and labor programs (% of population),per_allsp.cov_pop_tot,,,,,,,,,,,,,,,,,,,,,,,,,,,,,,,,,,,,,,,,,,,,,,,,,,,,,,,,,,,,,,
Grenada,GRD,Coverage of social protection and labor programs (% of population),per_allsp.cov_pop_tot,,,,,,,,,,,,,,,,,,,,,,,,,,,,,,,,,,,,,,,,,,,,,,,,,,,,,,,,,,,,,,
Greenland,GRL,Coverage of social protection and labor programs (% of population),per_allsp.cov_pop_tot,,,,,,,,,,,,,,,,,,,,,,,,,,,,,,,,,,,,,,,,,,,,,,,,,,,,,,,,,,,,,,
Guatemala,GTM,Coverage of social protection and labor programs (% of population),per_allsp.cov_pop_tot,,,,,,,,,,,,,,,,,,,,,,,,,,,,,,,,,,,,,,,,,,,,,,,50.5890503,,,,,63.81365966,,,63.26831187,,,,,,,
Guam,GUM,Coverage of social protection and labor programs (% of population),per_allsp.cov_pop_tot,,,,,,,,,,,,,,,,,,,,,,,,,,,,,,,,,,,,,,,,,,,,,,,,,,,,,,,,,,,,,,
Guyana,GUY,Coverage of social protection and labor programs (% of population),per_allsp.cov_pop_tot,,,,,,,,,,,,,,,,,,,,,,,,,,,,,,,,,,,,,,,,,,,,,,,,,,,,,,,,,,,,,,
High income,HIC,Coverage of social protection and labor programs (% of population),per_allsp.cov_pop_tot,,,,,,,,,,,,,,,,,,,,,,,,,,,,,,,,,,,,,,,,,,,,,,,,,,,,,,,,,,,,,,
"Hong Kong SAR, China",HKG,Coverage of social protection and labor programs (% of population),per_allsp.cov_pop_tot,,,,,,,,,,,,,,,,,,,,,,,,,,,,,,,,,,,,,,,,,,,,,,,,,,,,,,,,,,,,,,
Honduras,HND,Coverage of social protection and labor programs (% of population),per_allsp.cov_pop_tot,,,,,,,,,,,,,,,,,,,,,,,,,,,,,,,,,,,,,,,,,,,,,,,,,51.48208426,50.48131518,53.24196705,50.90285447,,55.79375486,,45.89311755,35.92023993,43.53632448,,,,
Heavily indebted poor countries (HIPC),HPC,Coverage of social protection and labor programs (% of population),per_allsp.cov_pop_tot,,,,,,,,,,,,,,,,,,,,,,,,,,,,,,,,,,,,,,,,,,,,,,,,,,,,,,,,,,,,,,
Croatia,HRV,Coverage of social protection and labor programs (% of population),per_allsp.cov_pop_tot,,,,,,,,,,,,,,,,,,,,,,,,,,,,,,,,,,,,,,,,,,,,,,,,,67.98576461,,70.71853665,70.47808774,,,71.06270911,,,,,,,
Haiti,HTI,Coverage of social protection and labor programs (% of population),per_allsp.cov_pop_tot,,,,,,,,,,,,,,,,,,,,,,,,,,,,,,,,,,,,,,,,,,0.753385403,,,,,,,,,,,19.46214024,,,,,,,,,
Hungary,HUN,Coverage of social protection and labor programs (% of population),per_allsp.cov_pop_tot,,,,,,,,,,,,,,,,,,,,,,,,,,,,,,,,,,,,,,,,,,,,,,,,89.44499002,,,,,,,,,,,,,,
IBRD only,IBD,Coverage of social protection and labor programs (% of population),per_allsp.cov_pop_tot,,,,,,,,,,,,,,,,,,,,,,,,,,,,,,,,,,,,,,,,,,,,,,,,,,,,,,,,,,,,,,
IDA & IBRD total,IBT,Coverage of social protection and labor programs (% of population),per_allsp.cov_pop_tot,,,,,,,,,,,,,,,,,,,,,,,,,,,,,,,,,,,,,,,,,,,,,,,,,,,,,,,,,,,,,,
IDA total,IDA,Coverage of social protection and labor programs (% of population),per_allsp.cov_pop_tot,,,,,,,,,,,,,,,,,,,,,,,,,,,,,,,,,,,,,,,,,,,,,,,,,,,,,,,,,,,,,,
IDA blend,IDB,Coverage of social protection and labor programs (% of population),per_allsp.cov_pop_tot,,,,,,,,,,,,,,,,,,,,,,,,,,,,,,,,,,,,,,,,,,,,,,,,,,,,,,,,,,,,,,
Indonesia,IDN,Coverage of social protection and labor programs (% of population),per_allsp.cov_pop_tot,,,,,,,,,,,,,,,,,,,,,,,,,,,,,,,,,,,,,,,,,,,,,,,,,,41.60400974,,52.80325194,55.07542147,,66.07379193,57.4129369,,54.07380642,57.1256427,44.5800271,,
IDA only,IDX,Coverage of social protection and labor programs (% of population),per_allsp.cov_pop_tot,,,,,,,,,,,,,,,,,,,,,,,,,,,,,,,,,,,,,,,,,,,,,,,,,,,,,,,,,,,,,,
Isle of Man,IMN,Coverage of social protection and labor programs (% of population),per_allsp.cov_pop_tot,,,,,,,,,,,,,,,,,,,,,,,,,,,,,,,,,,,,,,,,,,,,,,,,,,,,,,,,,,,,,,
India,IND,Coverage of social protection and labor programs (% of population),per_allsp.cov_pop_tot,,,,,,,,,,,,,,,,,,,,,,,,,,,,,,,,,,,,,,,,,,,,,27.22058407,,,,,21.45402606,,93.98880258,,,,,,,,,,
Not classified,INX,Coverage of social protection and labor programs (% of population),per_allsp.cov_pop_tot,,,,,,,,,,,,,,,,,,,,,,,,,,,,,,,,,,,,,,,,,,,,,,,,,,,,,,,,,,,,,,
Ireland,IRL,Coverage of social protection and labor programs (% of population),per_allsp.cov_pop_tot,,,,,,,,,,,,,,,,,,,,,,,,,,,,,,,,,,,,,,,,,,,,,,,,,,,,,,,,,,,,,,
"Iran, Islamic Rep.",IRN,Coverage of social protection and labor programs (% of population),per_allsp.cov_pop_tot,,,,,,,,,,,,,,,,,,,,,,,,,,,,,,,,,,,,,,,,,,,,,,,,,,,,,,,,,,,,,,
Iraq,IRQ,Coverage of social protection and labor programs (% of population),per_allsp.cov_pop_tot,,,,,,,,,,,,,,,,,,,,,,,,,,,,,,,,,,,,,,,,,,,,,,,86.01429229,,,,,,83.55954253,,,,,,,,,
Iceland,ISL,Coverage of social protection and labor programs (% of population),per_allsp.cov_pop_tot,,,,,,,,,,,,,,,,,,,,,,,,,,,,,,,,,,,,,,,,,,,,,,,,,,,,,,,,,,,,,,
Israel,ISR,Coverage of social protection and labor programs (% of population),per_allsp.cov_pop_tot,,,,,,,,,,,,,,,,,,,,,,,,,,,,,,,,,,,,,,,,,,,,,,,,,,,,,,,,,,,,,,
Italy,ITA,Coverage of social protection and labor programs (% of population),per_allsp.cov_pop_tot,,,,,,,,,,,,,,,,,,,,,,,,,,,,,,,,,,,,,,,,,,,,,,,,,,,,,,,,,,,,,,
Jamaica,JAM,Coverage of social protection and labor programs (% of population),per_allsp.cov_pop_tot,,,,,,,,,,,,,,,,,,,,,,,,,,,,,,,,,,,,,,,,,,,32.64992479,,,,,,,,57.94349236,,,,,,,52.77096107,,,,
Jordan,JOR,Coverage of social protection and labor programs (% of population),per_allsp.cov_pop_tot,,,,,,,,,,,,,,,,,,,,,,,,,,,,,,,,,,,,,,,,,,,,,,,81.94828543,,,,73.19309317,,,,,,,,,,,
Japan,JPN,Coverage of social protection and labor programs (% of population),per_allsp.cov_pop_tot,,,,,,,,,,,,,,,,,,,,,,,,,,,,,,,,,,,,,,,,,,,,,,,,,,,,,,,,,,,,,,
Kazakhstan,KAZ,Coverage of social protection and labor programs (% of population),per_allsp.cov_pop_tot,,,,,,,,,,,,,,,,,,,,,,,,,,,,,,,,,,,,,,,,,,,,,,,,45.77772169,,,50.65705343,,,,67.35576219,50.21454012,,49.21030707,,,,
Kenya,KEN,Coverage of social protection and labor programs (% of population),per_allsp.cov_pop_tot,,,,,,,,,,,,,,,,,,,,,,,,,,,,,,,,,,,,,,,,,,,,,,21.57822071,,,,,,,,,,27.40089335,,,,,,
Kyrgyz Republic,KGZ,Coverage of social protection and labor programs (% of population),per_allsp.cov_pop_tot,,,,,,,,,,,,,,,,,,,,,,,,,,,,,,,,,,,,,,,,,,,,,,,36.62831692,,,,,59.97547089,58.31822015,57.86212525,,,,,,,,
Cambodia,KHM,Coverage of social protection and labor programs (% of population),per_allsp.cov_pop_tot,,,,,,,,,,,,,,,,,,,,,,,,,,,,,,,,,,,,,,,,,,,,,,,,,2.645623737,,,,,3.085970529,,,,,,,,
Kiribati,KIR,Coverage of social protection and labor programs (% of population),per_allsp.cov_pop_tot,,,,,,,,,,,,,,,,,,,,,,,,,,,,,,,,,,,,,,,,,,,,,,,4.571458667,,,,,,,,,,,,,,,
St. Kitts and Nevis,KNA,Coverage of social protection and labor programs (% of population),per_allsp.cov_pop_tot,,,,,,,,,,,,,,,,,,,,,,,,,,,,,,,,,,,,,,,,,,,,,,,,,,,,,,,,,,,,,,
"Korea, Rep.",KOR,Coverage of social protection and labor programs (% of population),per_allsp.cov_pop_tot,,,,,,,,,,,,,,,,,,,,,,,,,,,,,,,,,,,,,,,,,,,,,,,,,,,,,,,,,,,,,,
Kuwait,KWT,Coverage of social protection and labor programs (% of population),per_allsp.cov_pop_tot,,,,,,,,,,,,,,,,,,,,,,,,,,,,,,,,,,,,,,,,,,,,,,,,,,,,,,,,,,,,,,
Latin America & Caribbean (excluding high income),LAC,Coverage of social protection and labor programs (% of population),per_allsp.cov_pop_tot,,,,,,,,,,,,,,,,,,,,,,,,,,,,,,,,,,,,,,,,,,,,,,,,,,,,,,,,,,,,,,
Lao PDR,LAO,Coverage of social protection and labor programs (% of population),per_allsp.cov_pop_tot,,,,,,,,,,,,,,,,,,,,,,,,,,,,,,,,,,,,,,,,,,,,,,,,1.652526298,,,,,,,,,,,2.159223457,,,
Lebanon,LBN,Coverage of social protection and labor programs (% of population),per_allsp.cov_pop_tot,,,,,,,,,,,,,,,,,,,,,,,,,,,,,,,,,,,,,,,,,,,,,54.56076442,,,,,,,,,,,,,,,,,
Liberia,LBR,Coverage of social protection and labor programs (% of population),per_allsp.cov_pop_tot,,,,,,,,,,,,,,,,,,,,,,,,,,,,,,,,,,,,,,,,,,,,,,,,33.8306767,,,,,,,7.398370068,,14.25467204,,,,,
Libya,LBY,Coverage of social protection and labor programs (% of population),per_allsp.cov_pop_tot,,,,,,,,,,,,,,,,,,,,,,,,,,,,,,,,,,,,,,,,,,,,,,,,,,,,,,,,,,,,,,
St. Lucia,LCA,Coverage of social protection and labor programs (% of population),per_allsp.cov_pop_tot,,,,,,,,,,,,,,,,,,,,,,,,,,,,,,,,,,,,,,,,,,,,,,,,,,,,,,,,,,,,,,
Latin America & Caribbean,LCN,Coverage of social protection and labor programs (% of population),per_allsp.cov_pop_tot,,,,,,,,,,,,,,,,,,,,,,,,,,,,,,,,,,,,,,,,,,,,,,,,,,,,,,,,,,,,,,
Least developed countries: UN classification,LDC,Coverage of social protection and labor programs (% of population),per_allsp.cov_pop_tot,,,,,,,,,,,,,,,,,,,,,,,,,,,,,,,,,,,,,,,,,,,,,,,,,,,,,,,,,,,,,,
Low income,LIC,Coverage of social protection and labor programs (% of population),per_allsp.cov_pop_tot,,,,,,,,,,,,,,,,,,,,,,,,,,,,,,,,,,,,,,,,,,,,,,,,,,,,,,,,,,,,,,
Liechtenstein,LIE,Coverage of social protection and labor programs (% of population),per_allsp.cov_pop_tot,,,,,,,,,,,,,,,,,,,,,,,,,,,,,,,,,,,,,,,,,,,,,,,,,,,,,,,,,,,,,,
Sri Lanka,LKA,Coverage of social protection and labor programs (% of population),per_allsp.cov_pop_tot,,,,,,,,,,,,,,,,,,,,,,,,,,,,,,,,,,,,,,,,,,,,,,,35.61105131,,,29.83173687,,,33.13001324,,,,35.14069518,,,,,
Lower middle income,LMC,Coverage of social protection and labor programs (% of population),per_allsp.cov_pop_tot,,,,,,,,,,,,,,,,,,,,,,,,,,,,,,,,,,,,,,,,,,,,,,,,,,,,,,,,,,,,,,
Low & middle income,LMY,Coverage of social protection and labor programs (% of population),per_allsp.cov_pop_tot,,,,,,,,,,,,,,,,,,,,,,,,,,,,,,,,,,,,,,,,,,,,,,,,,,,,,,,,,,,,,,
Lesotho,LSO,Coverage of social protection and labor programs (% of population),per_allsp.cov_pop_tot,,,,,,,,,,,,,,,,,,,,,,,,,,,,,,,,,,,,,,,,,,,,,,,,,,,6.322613608,,,,,,,71.66855251,,,,
Late-demographic dividend,LTE,Coverage of social protection and labor programs (% of population),per_allsp.cov_pop_tot,,,,,,,,,,,,,,,,,,,,,,,,,,,,,,,,,,,,,,,,,,,,,,,,,,,,,,,,,,,,,,
Lithuania,LTU,Coverage of social protection and labor programs (% of population),per_allsp.cov_pop_tot,,,,,,,,,,,,,,,,,,,,,,,,,,,,,,,,,,,,,,,,,,,,,,,,,81.90531069,,,,,,,,,,,,,
Luxembourg,LUX,Coverage of social protection and labor programs (% of population),per_allsp.cov_pop_tot,,,,,,,,,,,,,,,,,,,,,,,,,,,,,,,,,,,,,,,,,,,,,,,,,,,,,,,,,,,,,,
Latvia,LVA,Coverage of social protection and labor programs (% of population),per_allsp.cov_pop_tot,,,,,,,,,,,,,,,,,,,,,,,,,,,,,,,,,,,,,,,,,,,,,,,,,78.08068083,80.30124835,,,,,,,,,,,,
"Macao SAR, China",MAC,Coverage of social protection and labor programs (% of population),per_allsp.cov_pop_tot,,,,,,,,,,,,,,,,,,,,,,,,,,,,,,,,,,,,,,,,,,,,,,,,,,,,,,,,,,,,,,
St. Martin (French part),MAF,Coverage of social protection and labor programs (% of population),per_allsp.cov_pop_tot,,,,,,,,,,,,,,,,,,,,,,,,,,,,,,,,,,,,,,,,,,,,,,,,,,,,,,,,,,,,,,
Morocco,MAR,Coverage of social protection and labor programs (% of population),per_allsp.cov_pop_tot,,,,,,,,,,,,,,,,,,,,,,,,,,,,,,,,,,,,,,,,,,,,,,,,,,41.01336349,,,,,,,,,,,,
Monaco,MCO,Coverage of social protection and labor programs (% of population),per_allsp.cov_pop_tot,,,,,,,,,,,,,,,,,,,,,,,,,,,,,,,,,,,,,,,,,,,,,,,,,,,,,,,,,,,,,,
Moldova,MDA,Coverage of social protection and labor programs (% of population),per_allsp.cov_pop_tot,,,,,,,,,,,,,,,,,,,,,,,,,,,,,,,,,,,,,,,,,,,,,,,,,,,56.55592534,,56.5882575,56.59122874,,,,,60.10607174,,,
Madagascar,MDG,Coverage of social protection and labor programs (% of population),per_allsp.cov_pop_tot,,,,,,,,,,,,,,,,,,,,,,,,,,,,,,,,,,,,,,,,,,,,,,,,,,,5.699430879,,,,,,,,,,,
Maldives,MDV,Coverage of social protection and labor programs (% of population),per_allsp.cov_pop_tot,,,,,,,,,,,,,,,,,,,,,,,,,,,,,,,,,,,,,,,,,,,,,6.540097699,,,,,29.30850719,,,,,,,27.54904849,,,,,
Middle East & North Africa,MEA,Coverage of social protection and labor programs (% of population),per_allsp.cov_pop_tot,,,,,,,,,,,,,,,,,,,,,,,,,,,,,,,,,,,,,,,,,,,,,,,,,,,,,,,,,,,,,,
Mexico,MEX,Coverage of social protection and labor programs (% of population),per_allsp.cov_pop_tot,,,,,,,,,,,,,,,,,,,,,,,,,,,,,,,,,,,,,,,,,,,,,,,,,60.95984692,,71.00352708,,72.23021589,,65.68296509,,39.57134526,,38.44753104,,,
Marshall Islands,MHL,Coverage of social protection and labor programs (% of population),per_allsp.cov_pop_tot,,,,,,,,,,,,,,,,,,,,,,,,,,,,,,,,,,,,,,,,22.95052438,,,,,,,,,,,,,,,,,,,,,,
Middle income,MIC,Coverage of social protection and labor programs (% of population),per_allsp.cov_pop_tot,,,,,,,,,,,,,,,,,,,,,,,,,,,,,,,,,,,,,,,,,,,,,,,,,,,,,,,,,,,,,,
North Macedonia,MKD,Coverage of social protection and labor programs (% of population),per_allsp.cov_pop_tot,,,,,,,,,,,,,,,,,,,,,,,,,,,,,,,,,,,,,,,,,,,,,,,,,,,,,,,,,,,,,,
Mali,MLI,Coverage of social protection and labor programs (% of population),per_allsp.cov_pop_tot,,,,,,,,,,,,,,,,,,,,,,,,,,,,,,,,,,,,,,,,,,,,,,,,,,1.305799134,,,,,,,,,,,,
Malta,MLT,Coverage of social protection and labor programs (% of population),per_allsp.cov_pop_tot,,,,,,,,,,,,,,,,,,,,,,,,,,,,,,,,,,,,,,,,,,,,,,,,,,,,,,,,,,,,,,
Myanmar,MMR,Coverage of social protection and labor programs (% of population),per_allsp.cov_pop_tot,,,,,,,,,,,,,,,,,,,,,,,,,,,,,,,,,,,,,,,,,,,,,,,,,,2.337327275,,,,,,,,13.78291174,,,,
Middle East & North Africa (excluding high income),MNA,Coverage of social protection and labor programs (% of population),per_allsp.cov_pop_tot,,,,,,,,,,,,,,,,,,,,,,,,,,,,,,,,,,,,,,,,,,,,,,,,,,,,,,,,,,,,,,
Montenegro,MNE,Coverage of social protection and labor programs (% of population),per_allsp.cov_pop_tot,,,,,,,,,,,,,,,,,,,,,,,,,,,,,,,,,,,,,,,,,,,,,,,,,,,,59.59032528,55.45136893,56.50347166,56.44447529,,,,,,,
Mongolia,MNG,Coverage of social protection and labor programs (% of population),per_allsp.cov_pop_tot,,,,,,,,,,,,,,,,,,,,,,,,,,,,,,,,,,,,,,,,,,,,,,,,93.46709104,,92.8586092,97.0782855,99.78700602,99.89907534,,93.69127464,,93.89875013,,,,,
Northern Mariana Islands,MNP,Coverage of social protection and labor programs (% of population),per_allsp.cov_pop_tot,,,,,,,,,,,,,,,,,,,,,,,,,,,,,,,,,,,,,,,,,,,,,,,,,,,,,,,,,,,,,,
Mozambique,MOZ,Coverage of social protection and labor programs (% of population),per_allsp.cov_pop_tot,,,,,,,,,,,,,,,,,,,,,,,,,,,,,,,,,,,,,,,,,,,,,,,,,6.759981726,,,,,,6.312861502,,,,,,,
Mauritania,MRT,Coverage of social protection and labor programs (% of population),per_allsp.cov_pop_tot,,,,,,,,,,,,,,,,,,,,,,,,,,,,,,,,,,,,,,,,,,,,,,,,,39.39838688,,,,,,45.21555033,,,,,,,
Mauritius,MUS,Coverage of social protection and labor programs (% of population),per_allsp.cov_pop_tot,,,,,,,,,,,,,,,,,,,,,,,,,,,,,,,,,,,,,,,,,,,,,,,40.86760527,,,,,,46.62646318,,,,,51.52013334,,,,
Malawi,MWI,Coverage of social protection and labor programs (% of population),per_allsp.cov_pop_tot,,,,,,,,,,,,,,,,,,,,,,,,,,,,,,,,,,,,,,,,,,,,,51.28639576,,,,,,20.3736827,,,42.45596357,,,41.52312278,,,,,
Malaysia,MYS,Coverage of social protection and labor programs (% of population),per_allsp.cov_pop_tot,,,,,,,,,,,,,,,,,,,,,,,,,,,,,,,,,,,,,,,,,,,,,,,,,84.09285563,,,,80.28419874,,89.46087439,,76.7262119,,,,,
North America,NAC,Coverage of social protection and labor programs (% of population),per_allsp.cov_pop_tot,,,,,,,,,,,,,,,,,,,,,,,,,,,,,,,,,,,,,,,,,,,,,,,,,,,,,,,,,,,,,,
Namibia,NAM,Coverage of social protection and labor programs (% of population),per_allsp.cov_pop_tot,,,,,,,,,,,,,,,,,,,,,,,,,,,,,,,,,,,,,,,,,,,,9.840997257,,,,,,16.14501471,,,,,,43.73316161,,,,,,
New Caledonia,NCL,Coverage of social protection and labor programs (% of population),per_allsp.cov_pop_tot,,,,,,,,,,,,,,,,,,,,,,,,,,,,,,,,,,,,,,,,,,,,,,,,,,,,,,,,,,,,,,
Niger,NER,Coverage of social protection and labor programs (% of population),per_allsp.cov_pop_tot,,,,,,,,,,,,,,,,,,,,,,,,,,,,,,,,,,,,,,,,,,,,,,,,,,,,4.142310081,,,21.38065487,,,,,,,
Nigeria,NGA,Coverage of social protection and labor programs (% of population),per_allsp.cov_pop_tot,,,,,,,,,,,,,,,,,,,,,,,,,,,,,,,,,,,,,,,,,,,,,,,,,,,1.424361304,,4.589191956,,,6.41370667,,,20.48182595,,,
Nicaragua,NIC,Coverage of social protection and labor programs (% of population),per_allsp.cov_pop_tot,,,,,,,,,,,,,,,,,,,,,,,,,,,,,,,,,,,,,,,,,,,,,,61.50995879,,,,45.63550744,,,,,68.15149333,,,,,,,
Netherlands,NLD,Coverage of social protection and labor programs (% of population),per_allsp.cov_pop_tot,,,,,,,,,,,,,,,,,,,,,,,,,,,,,,,,,,,,,,,,,,,,,,,,,,,,,,,,,,,,,,
Norway,NOR,Coverage of social protection and labor programs (% of population),per_allsp.cov_pop_tot,,,,,,,,,,,,,,,,,,,,,,,,,,,,,,,,,,,,,,,,,,,,,,,,,,,,,,,,,,,,,,
Nepal,NPL,Coverage of social protection and labor programs (% of population),per_allsp.cov_pop_tot,,,,,,,,,,,,,,,,,,,,,,,,,,,,,,,,,,,,,,,,,,,,,,,,,,,43.4853833,,,,,,,,,,,
Nauru,NRU,Coverage of social protection and labor programs (% of population),per_allsp.cov_pop_tot,,,,,,,,,,,,,,,,,,,,,,,,,,,,,,,,,,,,,,,,,,,,,,,,,,,,,,,,,,,,,,
New Zealand,NZL,Coverage of social protection and labor programs (% of population),per_allsp.cov_pop_tot,,,,,,,,,,,,,,,,,,,,,,,,,,,,,,,,,,,,,,,,,,,,,,,,,,,,,,,,,,,,,,
OECD members,OED,Coverage of social protection and labor programs (% of population),per_allsp.cov_pop_tot,,,,,,,,,,,,,,,,,,,,,,,,,,,,,,,,,,,,,,,,,,,,,,,,,,,,,,,,,,,,,,
Oman,OMN,Coverage of social protection and labor programs (% of population),per_allsp.cov_pop_tot,,,,,,,,,,,,,,,,,,,,,,,,,,,,,,,,,,,,,,,,,,,,,,,,,,,,,,,,,,,,,,
Other small states,OSS,Coverage of social protection and labor programs (% of population),per_allsp.cov_pop_tot,,,,,,,,,,,,,,,,,,,,,,,,,,,,,,,,,,,,,,,,,,,,,,,,,,,,,,,,,,,,,,
Pakistan,PAK,Coverage of social protection and labor programs (% of population),per_allsp.cov_pop_tot,,,,,,,,,,,,,,,,,,,,,,,,,,,,,,,,,,,,,,,,,,,,,,,,9.293629573,,18.76762947,,,,16.79938871,,16.06386976,,,21.86358855,,,
Panama,PAN,Coverage of social protection and labor programs (% of population),per_allsp.cov_pop_tot,,,,,,,,,,,,,,,,,,,,,,,,,,,,,,,,,,,,,,,,,,,,,,,,,67.05257681,64.04045949,64.01551548,60.50349572,63.45372329,64.52072029,63.38658109,73.67881481,74.67044601,72.83497223,75.91105193,76.6102648,,
Peru,PER,Coverage of social protection and labor programs (% of population),per_allsp.cov_pop_tot,,,,,,,,,,,,,,,,,,,,,,,,,,,,,,,,,,,,,,,,,,,,,,,,,52.40147346,64.11262007,68.36334906,66.12011772,89.5209964,63.0238949,64.854444,65.59796104,64.94732736,66.99855643,66.81237332,66.86672761,,
Philippines,PHL,Coverage of social protection and labor programs (% of population),per_allsp.cov_pop_tot,,,,,,,,,,,,,,,,,,,,,,,,,,,,,,,,,,,,,,,,,,,,,,,7.472534029,,,,,,,36.74422644,,40.62007161,,,,,,
Palau,PLW,Coverage of social protection and labor programs (% of population),per_allsp.cov_pop_tot,,,,,,,,,,,,,,,,,,,,,,,,,,,,,,,,,,,,,,,,,,,,,,,37.4302542,,,,,,,,,,,,,,,
Papua New Guinea,PNG,Coverage of social protection and labor programs (% of population),per_allsp.cov_pop_tot,,,,,,,,,,,,,,,,,,,,,,,,,,,,,,,,,,,,,,,,,,,,,,,,,,4.243659343,,,,,,,,,,,,
Poland,POL,Coverage of social protection and labor programs (% of population),per_allsp.cov_pop_tot,,,,,,,,,,,,,,,,,,,,,,,,,,,,,,,,,,,,,,,,,,,,,,79.65830021,77.73842042,74.84988708,71.09045614,70.60611634,66.44909014,65.5334362,64.41412591,,,61.08393389,,,,,,
Pre-demographic dividend,PRE,Coverage of social protection and labor programs (% of population),per_allsp.cov_pop_tot,,,,,,,,,,,,,,,,,,,,,,,,,,,,,,,,,,,,,,,,,,,,,,,,,,,,,,,,,,,,,,
Puerto Rico,PRI,Coverage of social protection and labor programs (% of population),per_allsp.cov_pop_tot,,,,,,,,,,,,,,,,,,,,,,,,,,,,,,,,,,,,,,,,,,,,,,,,,,,,,,,,,,,,,,
"Korea, Dem. People's Rep.",PRK,Coverage of social protection and labor programs (% of population),per_allsp.cov_pop_tot,,,,,,,,,,,,,,,,,,,,,,,,,,,,,,,,,,,,,,,,,,,,,,,,,,,,,,,,,,,,,,
Portugal,PRT,Coverage of social protection and labor programs (% of population),per_allsp.cov_pop_tot,,,,,,,,,,,,,,,,,,,,,,,,,,,,,,,,,,,,,,,,,,,,,,,,,,,,,,,,,,,,,,
Paraguay,PRY,Coverage of social protection and labor programs (% of population),per_allsp.cov_pop_tot,,,,,,,,,,,,,,,,,,,,,,,,,,,,,,,,,,,,,,,,,,,,,,,,37.17753795,43.72436825,45.374239,54.21751444,52.27019032,68.17921857,63.17725792,62.23301425,66.83053558,66.65952327,68.01949642,68.35523026,69.08777683,,
West Bank and Gaza,PSE,Coverage of social protection and labor programs (% of population),per_allsp.cov_pop_tot,,,,,,,,,,,,,,,,,,,,,,,,,,,,,,,,,,,,,,,,,,,,,,,,11.48964948,,10.71726135,,,,,,,24.38475632,,,,,
Pacific island small states,PSS,Coverage of social protection and labor programs (% of population),per_allsp.cov_pop_tot,,,,,,,,,,,,,,,,,,,,,,,,,,,,,,,,,,,,,,,,,,,,,,,,,,,,,,,,,,,,,,
Post-demographic dividend,PST,Coverage of social protection and labor programs (% of population),per_allsp.cov_pop_tot,,,,,,,,,,,,,,,,,,,,,,,,,,,,,,,,,,,,,,,,,,,,,,,,,,,,,,,,,,,,,,
French Polynesia,PYF,Coverage of social protection and labor programs (% of population),per_allsp.cov_pop_tot,,,,,,,,,,,,,,,,,,,,,,,,,,,,,,,,,,,,,,,,,,,,,,,,,,,,,,,,,,,,,,
Qatar,QAT,Coverage of social protection and labor programs (% of population),per_allsp.cov_pop_tot,,,,,,,,,,,,,,,,,,,,,,,,,,,,,,,,,,,,,,,,,,,,,,,,,,,,,,,,,,,,,,
Romania,ROU,Coverage of social protection and labor programs (% of population),per_allsp.cov_pop_tot,,,,,,,,,,,,,,,,,,,,,,,,,,,,,,,,,,,,,,,,,,,,,,,,,82.79310797,,,84.16328293,83.68854882,,,,81.43600407,,,,,
Russian Federation,RUS,Coverage of social protection and labor programs (% of population),per_allsp.cov_pop_tot,,,,,,,,,,,,,,,,,,,,,,,,,,,,,,,,,,,,,,,,,,,,,,,,58.74847916,,,,,,,78.21587463,77.09177075,77.87514109,77.52106422,,,,
Rwanda,RWA,Coverage of social protection and labor programs (% of population),per_allsp.cov_pop_tot,,,,,,,,,,,,,,,,,,,,,,,,,,,,,,,,,,,,,,,,,,,,,,34.45841269,,,,,27.89750552,,,28.39677002,,,,,,,,
South Asia,SAS,Coverage of social protection and labor programs (% of population),per_allsp.cov_pop_tot,,,,,,,,,,,,,,,,,,,,,,,,,,,,,,,,,,,,,,,,,,,,,,,,,,,,,,,,,,,,,,
Saudi Arabia,SAU,Coverage of social protection and labor programs (% of population),per_allsp.cov_pop_tot,,,,,,,,,,,,,,,,,,,,,,,,,,,,,,,,,,,,,,,,,,,,,,,,,,,,,,,,,,,,,,
Sudan,SDN,Coverage of social protection and labor programs (% of population),per_allsp.cov_pop_tot,,,,,,,,,,,,,,,,,,,,,,,,,,,,,,,,,,,,,,,,,,,,,,,,,,7.448155525,,,,,,,,,,,,
Senegal,SEN,Coverage of social protection and labor programs (% of population),per_allsp.cov_pop_tot,,,,,,,,,,,,,,,,,,,,,,,,,,,,,,,,,,,,,,,,,,,,,,,,,,,,16.78661922,,,,,,,,,,
Singapore,SGP,Coverage of social protection and labor programs (% of population),per_allsp.cov_pop_tot,,,,,,,,,,,,,,,,,,,,,,,,,,,,,,,,,,,,,,,,,,,,,,,,,,,,,,,,,,,,,,
Solomon Islands,SLB,Coverage of social protection and labor programs (% of population),per_allsp.cov_pop_tot,,,,,,,,,,,,,,,,,,,,,,,,,,,,,,,,,,,,,,,,,,,,,,1.583380809,,,,,,,,,,,,,,,,
Sierra Leone,SLE,Coverage of social protection and labor programs (% of population),per_allsp.cov_pop_tot,,,,,,,,,,,,,,,,,,,,,,,,,,,,,,,,,,,,,,,,,,,,,,,,,,,,30.1557655,,,,,,,17.02348741,,,
El Salvador,SLV,Coverage of social protection and labor programs (% of population),per_allsp.cov_pop_tot,,,,,,,,,,,,,,,,,,,,,,,,,,,,,,,,,,,,,,,,,,,,,,,,34.9132919,39.667969,48.20007257,62.33652525,58.05176989,60.18910175,,58.09289859,89.11105963,89.41050086,84.59020859,82.78572615,85.49596588,,
San Marino,SMR,Coverage of social protection and labor programs (% of population),per_allsp.cov_pop_tot,,,,,,,,,,,,,,,,,,,,,,,,,,,,,,,,,,,,,,,,,,,,,,,,,,,,,,,,,,,,,,
Somalia,SOM,Coverage of social protection and labor programs (% of population),per_allsp.cov_pop_tot,,,,,,,,,,,,,,,,,,,,,,,,,,,,,,,,,,,,,,,,,,,,,,,,,,,,,,,,,,,,,,
Serbia,SRB,Coverage of social protection and labor programs (% of population),per_allsp.cov_pop_tot,,,,,,,,,,,,,,,,,,,,,,,,,,,,,,,,,,,,,,,,,,,,,,,,62.03983752,,,65.05752318,,,63.17962823,,61.0367943,,,,,,
Sub-Saharan Africa (excluding high income),SSA,Coverage of social protection and labor programs (% of population),per_allsp.cov_pop_tot,,,,,,,,,,,,,,,,,,,,,,,,,,,,,,,,,,,,,,,,,,,,,,,,,,,,,,,,,,,,,,
South Sudan,SSD,Coverage of social protection and labor programs (% of population),per_allsp.cov_pop_tot,,,,,,,,,,,,,,,,,,,,,,,,,,,,,,,,,,,,,,,,,,,,,,,,,,6.241508008,,,,,,,,,,,,
Sub-Saharan Africa,SSF,Coverage of social protection and labor programs (% of population),per_allsp.cov_pop_tot,,,,,,,,,,,,,,,,,,,,,,,,,,,,,,,,,,,,,,,,,,,,,,,,,,,,,,,,,,,,,,
Small states,SST,Coverage of social protection and labor programs (% of population),per_allsp.cov_pop_tot,,,,,,,,,,,,,,,,,,,,,,,,,,,,,,,,,,,,,,,,,,,,,,,,,,,,,,,,,,,,,,
Sao Tome and Principe,STP,Coverage of social protection and labor programs (% of population),per_allsp.cov_pop_tot,,,,,,,,,,,,,,,,,,,,,,,,,,,,,,,,,,,,,,,,,,,,,,,,,,,,,,,,,,,,,,
Suriname,SUR,Coverage of social protection and labor programs (% of population),per_allsp.cov_pop_tot,,,,,,,,,,,,,,,,,,,,,,,,,,,,,,,,,,,,,,,,,,,,,,,,,,,,,,,,,,,,,,
Slovak Republic,SVK,Coverage of social protection and labor programs (% of population),per_allsp.cov_pop_tot,,,,,,,,,,,,,,,,,,,,,,,,,,,,,,,,,,,,,,,,,,,,,,,,,,88.61910521,,,,,,,,,,,,
Slovenia,SVN,Coverage of social protection and labor programs (% of population),per_allsp.cov_pop_tot,,,,,,,,,,,,,,,,,,,,,,,,,,,,,,,,,,,,,,,,,,,,,,,,,,,,,,,,,,,,,,
Sweden,SWE,Coverage of social protection and labor programs (% of population),per_allsp.cov_pop_tot,,,,,,,,,,,,,,,,,,,,,,,,,,,,,,,,,,,,,,,,,,,,,,,,,,,,,,,,,,,,,,
Eswatini,SWZ,Coverage of social protection and labor programs (% of population),per_allsp.cov_pop_tot,,,,,,,,,,,,,,,,,,,,,,,,,,,,,,,,,,,,,,,,,44.35984761,,,,,,,,,51.64929481,,,,,,,81.20110878,,,,,
Sint Maarten (Dutch part),SXM,Coverage of social protection and labor programs (% of population),per_allsp.cov_pop_tot,,,,,,,,,,,,,,,,,,,,,,,,,,,,,,,,,,,,,,,,,,,,,,,,,,,,,,,,,,,,,,
Seychelles,SYC,Coverage of social protection and labor programs (% of population),per_allsp.cov_pop_tot,,,,,,,,,,,,,,,,,,,,,,,,,,,,,,,,,,,,,,,,,,,,,,,,,,,,,,,,,,,,,,
Syrian Arab Republic,SYR,Coverage of social protection and labor programs (% of population),per_allsp.cov_pop_tot,,,,,,,,,,,,,,,,,,,,,,,,,,,,,,,,,,,,,,,,,,,,8.193798539,,,,,,,,,,,,,,,,,,
Turks and Caicos Islands,TCA,Coverage of social protection and labor programs (% of population),per_allsp.cov_pop_tot,,,,,,,,,,,,,,,,,,,,,,,,,,,,,,,,,,,,,,,,,,,,,,,,,,,,,,,,,,,,,,
Chad,TCD,Coverage of social protection and labor programs (% of population),per_allsp.cov_pop_tot,,,,,,,,,,,,,,,,,,,,,,,,,,,,,,,,,,,,,,,,,,,,,,,,,,,,2.974368954,,,,,,,,,,
East Asia & Pacific (IDA & IBRD countries),TEA,Coverage of social protection and labor programs (% of population),per_allsp.cov_pop_tot,,,,,,,,,,,,,,,,,,,,,,,,,,,,,,,,,,,,,,,,,,,,,,,,,,,,,,,,,,,,,,
Europe & Central Asia (IDA & IBRD countries),TEC,Coverage of social protection and labor programs (% of population),per_allsp.cov_pop_tot,,,,,,,,,,,,,,,,,,,,,,,,,,,,,,,,,,,,,,,,,,,,,,,,,,,,,,,,,,,,,,
Togo,TGO,Coverage of social protection and labor programs (% of population),per_allsp.cov_pop_tot,,,,,,,,,,,,,,,,,,,,,,,,,,,,,,,,,,,,,,,,,,,,,,,,,,,,3.009575378,,,,,,,,,,
Thailand,THA,Coverage of social protection and labor programs (% of population),per_allsp.cov_pop_tot,,,,,,,,,,,,,,,,,,,,,,,,,,,,,,,,,,,,,,,,,,,,,,,53.98793609,,,70.50222724,,68.85828663,,65.39729276,,,,70.48109945,71.8810091,,,
Tajikistan,TJK,Coverage of social protection and labor programs (% of population),per_allsp.cov_pop_tot,,,,,,,,,,,,,,,,,,,,,,,,,,,,,,,,,,,,,,,,,,,,,,,,,,,,39.28872976,,,,,,,,,,
Turkmenistan,TKM,Coverage of social protection and labor programs (% of population),per_allsp.cov_pop_tot,,,,,,,,,,,,,,,,,,,,,,,,,,,,,,,,,,,,,,,,,,,,,,,,,,,,,,,,,,,,,,
Latin America & the Caribbean (IDA & IBRD countries),TLA,Coverage of social protection and labor programs (% of population),per_allsp.cov_pop_tot,,,,,,,,,,,,,,,,,,,,,,,,,,,,,,,,,,,,,,,,,,,,,,,,,,,,,,,,,,,,,,
Timor-Leste,TLS,Coverage of social protection and labor programs (% of population),per_allsp.cov_pop_tot,,,,,,,,,,,,,,,,,,,,,,,,,,,,,,,,,,,,,,,,,,,,,,,,26.26864786,,,,35.32840983,,,,,,,,,,
Middle East & North Africa (IDA & IBRD countries),TMN,Coverage of social protection and labor programs (% of population),per_allsp.cov_pop_tot,,,,,,,,,,,,,,,,,,,,,,,,,,,,,,,,,,,,,,,,,,,,,,,,,,,,,,,,,,,,,,
Tonga,TON,Coverage of social protection and labor programs (% of population),per_allsp.cov_pop_tot,,,,,,,,,,,,,,,,,,,,,,,,,,,,,,,,,,,,,,,,,,,,,,,,,,1.288273893,,,,,,,,,,,,
South Asia (IDA & IBRD),TSA,Coverage of social protection and labor programs (% of population),per_allsp.cov_pop_tot,,,,,,,,,,,,,,,,,,,,,,,,,,,,,,,,,,,,,,,,,,,,,,,,,,,,,,,,,,,,,,
Sub-Saharan Africa (IDA & IBRD countries),TSS,Coverage of social protection and labor programs (% of population),per_allsp.cov_pop_tot,,,,,,,,,,,,,,,,,,,,,,,,,,,,,,,,,,,,,,,,,,,,,,,,,,,,,,,,,,,,,,
Trinidad and Tobago,TTO,Coverage of social protection and labor programs (% of population),per_allsp.cov_pop_tot,,,,,,,,,,,,,,,,,,,,,,,,,,,,,,,,,,,,,,,,,,,,,,,,,,,,,,,,,,,,,,
Tunisia,TUN,Coverage of social protection and labor programs (% of population),per_allsp.cov_pop_tot,,,,,,,,,,,,,,,,,,,,,,,,,,,,,,,,,,,,,,,,,,,,,,,,,,,14.42593159,,,,,,,,,,,
Turkey,TUR,Coverage of social protection and labor programs (% of population),per_allsp.cov_pop_tot,,,,,,,,,,,,,,,,,,,,,,,,,,,,,,,,,,,,,,,,,,,,,51.70308295,53.04612605,55.20676328,58.69288998,63.79139905,48.12237836,48.57275674,49.06954273,47.9376935,48.86560122,50.34733994,50.1852514,50.36213194,,49.6640478,49.34112182,,
Tuvalu,TUV,Coverage of social protection and labor programs (% of population),per_allsp.cov_pop_tot,,,,,,,,,,,,,,,,,,,,,,,,,,,,,,,,,,,,,,,,,,,,,,,,,,,,,,,,,,,,,,
Tanzania,TZA,Coverage of social protection and labor programs (% of population),per_allsp.cov_pop_tot,,,,,,,,,,,,,,,,,,,,,,,,,,,,,,,,,,,,,,,,,,,,,,,,,8.779000757,,20.26778594,,24.6084075,,12.88378539,,,,,,,
Uganda,UGA,Coverage of social protection and labor programs (% of population),per_allsp.cov_pop_tot,,,,,,,,,,,,,,,,,,,,,,,,,,,,,,,,,,,,,,,,,,,,,,10.59211388,,,,7.197799803,,,60.71393176,,,,1.188781831,,,,,
Ukraine,UKR,Coverage of social protection and labor programs (% of population),per_allsp.cov_pop_tot,,,,,,,,,,,,,,,,,,,,,,,,,,,,,,,,,,,,,,,,,,,,,,,70.05714778,,,,,72.04236319,71.38670563,71.71273714,,70.30831255,67.60232639,,69.30788325,,,
Upper middle income,UMC,Coverage of social protection and labor programs (% of population),per_allsp.cov_pop_tot,,,,,,,,,,,,,,,,,,,,,,,,,,,,,,,,,,,,,,,,,,,,,,,,,,,,,,,,,,,,,,
Uruguay,URY,Coverage of social protection and labor programs (% of population),per_allsp.cov_pop_tot,,,,,,,,,,,,,,,,,,,,,,,,,,,,,,,,,,,,,,,,,,,,,,,,,71.87366408,77.03706205,79.73852832,78.45665686,79.90515587,,,77.87495521,77.62310181,76.3746756,75.96149073,76.46374662,,
United States,USA,Coverage of social protection and labor programs (% of population),per_allsp.cov_pop_tot,,,,,,,,,,,,,,,,,,,,,,,,,,,,,,,,,,,,,,,,,,,,,,,,,,,,,,,,,,,,,,
Uzbekistan,UZB,Coverage of social protection and labor programs (% of population),per_allsp.cov_pop_tot,,,,,,,,,,,,,,,,,,,,,,,,,,,,,,,,,,,,,,,,,,,,,,,,,,,,,,,,,,,25.16108594,,,
St. Vincent and the Grenadines,VCT,Coverage of social protection and labor programs (% of population),per_allsp.cov_pop_tot,,,,,,,,,,,,,,,,,,,,,,,,,,,,,,,,,,,,,,,,,,,,,,,,,,,,,,,,,,,,,,
"Venezuela, RB",VEN,Coverage of social protection and labor programs (% of population),per_allsp.cov_pop_tot,,,,,,,,,,,,,,,,,,,,,,,,,,,,,,,,,,,,,,,,,,,,,,,14.52340927,,,,,,,,,,,,,,,
British Virgin Islands,VGB,Coverage of social protection and labor programs (% of population),per_allsp.cov_pop_tot,,,,,,,,,,,,,,,,,,,,,,,,,,,,,,,,,,,,,,,,,,,,,,,,,,,,,,,,,,,,,,
Virgin Islands (U.S.),VIR,Coverage of social protection and labor programs (% of population),per_allsp.cov_pop_tot,,,,,,,,,,,,,,,,,,,,,,,,,,,,,,,,,,,,,,,,,,,,,,,,,,,,,,,,,,,,,,
Vietnam,VNM,Coverage of social protection and labor programs (% of population),per_allsp.cov_pop_tot,,,,,,,,,,,,,,,,,,,,,,,,,,,,,,,,,,,,,,,,,,,,,,,37.44870341,,,,55.05991429,,40.44655166,,34.85793265,,,,,,,
Vanuatu,VUT,Coverage of social protection and labor programs (% of population),per_allsp.cov_pop_tot,,,,,,,,,,,,,,,,,,,,,,,,,,,,,,,,,,,,,,,,,,,,,,,,,,,,,,,,,,,,,,
World,WLD,Coverage of social protection and labor programs (% of population),per_allsp.cov_pop_tot,,,,,,,,,,,,,,,,,,,,,,,,,,,,,,,,,,,,,,,,,,,,,,,,,,,,,,,,,,,,,,
Samoa,WSM,Coverage of social protection and labor programs (% of population),per_allsp.cov_pop_tot,,,,,,,,,,,,,,,,,,,,,,,,,,,,,,,,,,,,,,,,,,,,,,,,,33.63806767,,,,,,,,,,,,,
Kosovo,XKX,Coverage of social protection and labor programs (% of population),per_allsp.cov_pop_tot,,,,,,,,,,,,,,,,,,,,,,,,,,,,,,,,,,,,,,,,,,,,,,,25.49996529,,,,,44.41084984,45.36677901,44.52738605,,,,,,,,
"Yemen, Rep.",YEM,Coverage of social protection and labor programs (% of population),per_allsp.cov_pop_tot,,,,,,,,,,,,,,,,,,,,,,,,,,,,,,,,,,,,,,,,,,,,,,21.26489136,,,,,,,,,,,,,,,,
South Africa,ZAF,Coverage of social protection and labor programs (% of population),per_allsp.cov_pop_tot,,,,,,,,,,,,,,,,,,,,,,,,,,,,,,,,,,,,,,,,,,,,,,58.53753681,,,,,62.76357869,,,,79.86890775,,,,,,,
Zambia,ZMB,Coverage of social protection and labor programs (% of population),per_allsp.cov_pop_tot,,,,,,,,,,,,,,,,,,,,,,,,,,,,,,,,,,,,,,,,,,,,,,,,,,,1.771494498,,,,,2.314499561,,,,,,
Zimbabwe,ZWE,Coverage of social protection and labor programs (% of population),per_allsp.cov_pop_tot,,,,,,,,,,,,,,,,,,,,,,,,,,,,,,,,,,,,,,,,,,,,,,,,20.90472534,,,,29.55185645,,,,,,15.31451546,,36.7427737,,
